{
  "model": "HGB",
  "n_features": 46,
  "validation": {
    "n": 7794,
    "logloss": 0.6057447547952013,
    "brier": 0.21015975358961125,
    "accuracy": 0.6635873749037722
  },
  "test": {
    "n": 3602,
    "logloss": 0.612447742030255,
    "brier": 0.21285039431812094,
    "accuracy": 0.6621321488062187
  },
  "market_baseline_val": {
    "n": 7774,
    "logloss": 0.5828654620734544,
    "brier": 0.2000763928863253,
    "accuracy": 0.6818883457679444
  },
  "blend": {
    "alpha": 0.0175,
    "val": {
      "n": 7794,
      "model": {
        "logloss": 0.6062465295806433,
        "brier": 0.21035649235185594,
        "accuracy": 0.6590967410828843
      },
      "blend": {
        "logloss": 0.5831391094486686,
        "brier": 0.20019425463020343,
        "accuracy": 0.6815499101873236
      }
    },
    "test": {
      "n": 3602,
      "model": {
        "logloss": 0.612447742030255,
        "brier": 0.21285039431812094,
        "accuracy": 0.6621321488062187
      },
      "blend": {
        "logloss": 0.5898688526774424,
        "brier": 0.20318047185508903,
        "accuracy": 0.6857301499167129
      }
    }
  }
}