{
  "model": "HGB",
  "n_features": 46,
  "validation": {
    "n": 7794,
    "logloss": 0.6067743153509011,
    "brier": 0.21064295061043417,
    "accuracy": 0.6589684372594303
  },
  "test": {
    "n": 3602,
    "logloss": 0.6121536033279302,
    "brier": 0.21276502783205523,
    "accuracy": 0.6621321488062187
  },
  "market_baseline_val": {
    "n": 7774,
    "logloss": 0.5828654620734544,
    "brier": 0.2000763928863253,
    "accuracy": 0.6818883457679444
  },
  "blend": {
    "alpha": 0.03,
    "val": {
      "n": 7794,
      "model": {
        "logloss": 0.6071002183459481,
        "brier": 0.2107024856461608,
        "accuracy": 0.6573004875545291
      },
      "blend": {
        "logloss": 0.5831215479088336,
        "brier": 0.20018049300181112,
        "accuracy": 0.6812933025404158
      }
    },
    "test": {
      "n": 3602,
      "model": {
        "logloss": 0.6121536033279302,
        "brier": 0.21276502783205523,
        "accuracy": 0.6621321488062187
      },
      "blend": {
        "logloss": 0.5898244341012947,
        "brier": 0.20316286209469683,
        "accuracy": 0.6851749028317601
      }
    }
  }
}