{
  "model": "HGB",
  "n_features": 40,
  "validation": {
    "n": 7794,
    "logloss": 0.6075251252629221,
    "brier": 0.21088051557357593,
    "accuracy": 0.6606363869643316
  },
  "test": {
    "n": 3674,
    "logloss": 0.6155498006401422,
    "brier": 0.2140275017592438,
    "accuracy": 0.6505171475231355
  },
  "market_baseline_val": {
    "n": 7774,
    "logloss": 0.5828654620734544,
    "brier": 0.20007639288632528,
    "accuracy": 0.6804733727810651
  },
  "blend": {
    "alpha": 0.0025,
    "val": {
      "n": 7794,
      "model": {
        "logloss": 0.6080433012101073,
        "brier": 0.21115408806408378,
        "accuracy": 0.6590967410828843
      },
      "blend": {
        "logloss": 0.5831482336709032,
        "brier": 0.20020380395393947,
        "accuracy": 0.6820631254811393
      }
    },
    "test": {
      "n": 3674,
      "model": {
        "logloss": 0.6155498006401422,
        "brier": 0.2140275017592438,
        "accuracy": 0.6505171475231355
      },
      "blend": {
        "logloss": 0.5919052756790621,
        "brier": 0.20410440054022,
        "accuracy": 0.6812738160043549
      }
    }
  }
}