{
  "model": "HGB",
  "n_features": 61,
  "validation": {
    "n": 7794,
    "logloss": 0.604951678128037,
    "brier": 0.2097078844103032,
    "accuracy": 0.6590967410828843
  },
  "test": {
    "n": 3602,
    "logloss": 0.6122227730691923,
    "brier": 0.2130242593189896,
    "accuracy": 0.6560244308717379
  },
  "market_baseline_val": {
    "n": 7774,
    "logloss": 0.5828654620734544,
    "brier": 0.2000763928863253,
    "accuracy": 0.6817597118600464
  },
  "blend": {
    "alpha": 0.0225,
    "val": {
      "n": 7794,
      "model": {
        "logloss": 0.6060738429487095,
        "brier": 0.21022295504894187,
        "accuracy": 0.6603797793174236
      },
      "blend": {
        "logloss": 0.5831332813627846,
        "brier": 0.20018929194123003,
        "accuracy": 0.6816782140107776
      }
    },
    "test": {
      "n": 3602,
      "model": {
        "logloss": 0.6122227730691923,
        "brier": 0.2130242593189896,
        "accuracy": 0.6560244308717379
      },
      "blend": {
        "logloss": 0.5898586606789231,
        "brier": 0.20318158687630783,
        "accuracy": 0.6848972792892837
      }
    }
  }
}