{
  "model": "HGB",
  "n_features": 36,
  "validation": {
    "n": 7794,
    "logloss": 0.6095632806471434,
    "brier": 0.21165948439977225,
    "accuracy": 0.6562740569668977
  },
  "test": {
    "n": 3467,
    "logloss": 0.6127620945777883,
    "brier": 0.21287608182343998,
    "accuracy": 0.6553216036919527
  },
  "market_baseline_val": {
    "n": 7774,
    "logloss": 0.5828654620734544,
    "brier": 0.2000763928863253,
    "accuracy": 0.6806020066889632
  }
}