{
  "model": "HGB",
  "n_features": 46,
  "validation": {
    "n": 7794,
    "logloss": 0.6053017143661127,
    "brier": 0.2102258384145787,
    "accuracy": 0.6544778034385424
  },
  "test": {
    "n": 3571,
    "logloss": 0.6118426082506992,
    "brier": 0.21256108522183478,
    "accuracy": 0.6569588350602072
  },
  "market_baseline_val": {
    "n": 7774,
    "logloss": 0.5828654620734544,
    "brier": 0.2000763928863253,
    "accuracy": 0.6817597118600464
  },
  "blend": {
    "alpha": 0.01,
    "val": {
      "n": 7794,
      "model": {
        "logloss": 0.6069989422620189,
        "brier": 0.21079101723469,
        "accuracy": 0.6561457531434437
      },
      "blend": {
        "logloss": 0.5831461989844474,
        "brier": 0.20019809907498717,
        "accuracy": 0.6812933025404158
      }
    },
    "test": {
      "n": 3571,
      "model": {
        "logloss": 0.6118426082506992,
        "brier": 0.21256108522183478,
        "accuracy": 0.6569588350602072
      },
      "blend": {
        "logloss": 0.5904676741672369,
        "brier": 0.20338722286276503,
        "accuracy": 0.6835620274432932
      }
    }
  }
}