{
  "model": "HGB",
  "n_features": 36,
  "validation": {
    "n": 7794,
    "logloss": 0.6093404019924964,
    "brier": 0.21145531016071906,
    "accuracy": 0.6570438799076213
  },
  "test": {
    "n": 3559,
    "logloss": 0.6157051087542822,
    "brier": 0.21406065006583655,
    "accuracy": 0.6569261028378758
  },
  "market_baseline_val": {
    "n": 7774,
    "logloss": 0.5828654620734544,
    "brier": 0.20007639288632528,
    "accuracy": 0.6812451762284538
  }
}