{
  "model": "HGB",
  "n_features": 46,
  "validation": {
    "n": 7794,
    "logloss": 0.6060024771415708,
    "brier": 0.2103964987731009,
    "accuracy": 0.6603797793174236
  },
  "test": {
    "n": 3674,
    "logloss": 0.6143438467905712,
    "brier": 0.21350536975924667,
    "accuracy": 0.6529667936853566
  },
  "market_baseline_val": {
    "n": 7774,
    "logloss": 0.5828654620734544,
    "brier": 0.20007639288632528,
    "accuracy": 0.6804733727810651
  },
  "blend": {
    "alpha": 0.0075,
    "val": {
      "n": 7794,
      "model": {
        "logloss": 0.6073341878127716,
        "brier": 0.2109855047251819,
        "accuracy": 0.6601231716705158
      },
      "blend": {
        "logloss": 0.5831468114930908,
        "brier": 0.20020147592656362,
        "accuracy": 0.6812933025404158
      }
    },
    "test": {
      "n": 3674,
      "model": {
        "logloss": 0.6143438467905712,
        "brier": 0.21350536975924667,
        "accuracy": 0.6529667936853566
      },
      "blend": {
        "logloss": 0.591897044830583,
        "brier": 0.20409916231170597,
        "accuracy": 0.6804572672836146
      }
    }
  }
}