{
  "model": "HGB",
  "n_features": 40,
  "validation": {
    "n": 7794,
    "logloss": 0.6093791246589352,
    "brier": 0.21154921611621455,
    "accuracy": 0.6598665640236079
  },
  "test": {
    "n": 3467,
    "logloss": 0.6127153713641119,
    "brier": 0.21278314784864913,
    "accuracy": 0.6564753389097202
  },
  "market_baseline_val": {
    "n": 7774,
    "logloss": 0.5828654620734544,
    "brier": 0.2000763928863253,
    "accuracy": 0.6806020066889632
  },
  "blend": {
    "alpha": 0.0,
    "val": {
      "n": 7794,
      "model": {
        "logloss": 0.6100453225261001,
        "brier": 0.21200008405561516,
        "accuracy": 0.655504234026174
      },
      "blend": {
        "logloss": 0.5831484533962321,
        "brier": 0.20020450067979126,
        "accuracy": 0.6800102643058763
      }
    },
    "test": {
      "n": 3467,
      "model": {
        "logloss": 0.6127153713641119,
        "brier": 0.21278314784864913,
        "accuracy": 0.6564753389097202
      },
      "blend": {
        "logloss": 0.5874194166028075,
        "brier": 0.2020068168179268,
        "accuracy": 0.686184020767234
      }
    }
  }
}